{"cameraMode":{"drawMode":0,"name":"Shaded","section":"Shading Mode"},"sceneLighting":false,"audioPlay":false,"sceneViewState":{"showFog":true,"showMaterialUpdate":false,"showSkybox":false,"showFlares":true,"showImageEffects":true,"showParticleSystems":true},"in2DMode":false,"pivot":{"x":-0.7642805576324463,"y":-1.4265022277832032,"z":-2.8867361545562746},"rotation":{"x":0.09680797904729843,"y":-0.8750692009925842,"z":0.43171370029449465,"w":0.19622769951820374},"size":6.08480167388916,"orthographic":false}