{"cameraMode":{"drawMode":0,"name":"Shaded","section":"Shading Mode"},"sceneLighting":false,"audioPlay":false,"sceneViewState":{"showFog":true,"showMaterialUpdate":false,"showSkybox":false,"showFlares":true,"showImageEffects":true,"showParticleSystems":true},"in2DMode":false,"pivot":{"x":0.5670028328895569,"y":1.4983052015304566,"z":-0.5438469648361206},"rotation":{"x":0.22312647104263307,"y":-0.6344370245933533,"z":0.19855912029743195,"w":0.712936520576477},"size":1.6798436641693116,"orthographic":false}