{"cameraMode":{"drawMode":0,"name":"Shaded","section":"Shading Mode"},"sceneLighting":true,"audioPlay":false,"sceneViewState":{"showFog":true,"showMaterialUpdate":false,"showSkybox":true,"showFlares":true,"showImageEffects":true,"showParticleSystems":true},"in2DMode":false,"pivot":{"x":-4.924773216247559,"y":1.0955278873443604,"z":1.1677989959716797},"rotation":{"x":-0.05079735070466995,"y":0.6539784669876099,"z":-0.044086914509534839,"w":-0.7535171508789063},"size":10.770626068115235,"orthographic":false}