{"cameraMode":{"drawMode":0,"name":"Shaded","section":"Shading Mode"},"sceneLighting":false,"audioPlay":false,"sceneViewState":{"showFog":true,"showMaterialUpdate":false,"showSkybox":false,"showFlares":true,"showImageEffects":true,"showParticleSystems":true},"in2DMode":false,"pivot":{"x":0.0000027939677238464357,"y":0.017305225133895875,"z":0.2841852307319641},"rotation":{"x":-0.05117139592766762,"y":-0.5205308794975281,"z":0.03127189353108406,"w":-0.8517342209815979},"size":2.2073280811309816,"orthographic":false}